{"name":"t:sections.footer.name","type":"footer","sections":{"footer":{"type":"footer","blocks":{"footer-2":{"type":"text","settings":{"heading":"Our Mission","subtext":"<p>To provide our customers with a range of high-quality, affordable funeral urns that celebrate and honor the lives of their loved ones.<\/p>"}},"13bcdaf3-a7cd-4f81-ad72-a703698f4ed2":{"type":"text","settings":{"heading":"Our Vision","subtext":"<p>To become the preferred destination for individuals and families seeking unique and meaningful funeral urns that capture the essence of their loved ones' lives.<\/p>"}}},"block_order":["footer-2","13bcdaf3-a7cd-4f81-ad72-a703698f4ed2"],"settings":{"color_scheme":"background-1","newsletter_enable":true,"newsletter_heading":"Subscribe to our emails","show_social":true,"enable_country_selector":false,"enable_language_selector":false,"payment_enable":true,"margin_top":48,"padding_top":36,"padding_bottom":36}}},"order":["footer"]}