{"sections":{"main":{"type":"main-product","blocks":{"vendor":{"type":"text","settings":{"text":"{{ product.vendor }}","text_style":"uppercase"}},"title":{"type":"title","settings":{}},"price":{"type":"price","settings":{}},"variant_picker":{"type":"variant_picker","settings":{"picker_type":"button"}},"quantity_selector":{"type":"quantity_selector","settings":{}},"buy_buttons":{"type":"buy_buttons","settings":{"show_dynamic_checkout":true}},"description":{"type":"description","settings":{}},"collapsible-row-0":{"type":"collapsible_tab","settings":{"heading":"Materials","icon":"none","content":"<p>Brass Metal<\/p>","page":""}},"collapsible-row-1":{"type":"collapsible_tab","settings":{"heading":"Shipping & Returns","icon":"truck","content":"<p>We deliver Depends on Locations.<\/p><p>2 - 3 Days from Metro Manila or Luzon Regions.<\/p><p>2 - 5 Days from Visayas and Mindanao Regions.<\/p><p><\/p><p>For our return policy & replacement of the items are immediately process with a day or two depends on the return of the damage item.<\/p>","page":""}},"collapsible-row-2":{"type":"collapsible_tab","settings":{"heading":"Dimensions","icon":"ruler","content":"<p>10\"H x 6\" diameter. Weighing 4.4 lbs & capacity of 180 Cubic Inches<\/p>","page":""}},"collapsible-row-3":{"type":"collapsible_tab","settings":{"heading":"Care Instructions","icon":"heart","content":"<p><strong>Cremation<\/strong> is a dignified way to bid farewell. to your loved ones. It's a touching way to have<br\/>your deceased loved one near you or to have a constant reminder of them. However, if<br\/>you’ve decided to preserve their cremains in an urn at home, it’s important to know how to<br\/>properly care for their memorial. Following is a quick guide for the best ways to take care of<br\/>memorial urns.<br\/><\/p><p><strong>Metal<\/strong><br\/>Store your metal urn in a dry, safe space away from direct sunlight. Sun exposure can warp<br\/>metal materials over time.<br\/><\/p><p>Avoid using a damp cloth for cleaning the urn, since water and other liquids may cause the<br\/>urn to rust. Gently wipe the exterior surface with a dry cotton cloth to remove dirt and dust. Don’t use harsh, abrasive chemicals to clean the metal urn as it will result in corrosion. <\/p><p><strong>Abrasive,<\/strong> substances will reduce the shine of the urn and cause scratches.<br\/><\/p><p><strong>Wood<\/strong><br\/>Store your wooden urn away from direct sunlight as overexposure to the sun can cause the wood tone to fade., and never use water or harsh chemical products, as they can damage the wood. Use a soft, dry cloth to wipe down the outside of the wooden urn every two weeks or so. It will help you clean the dust buildup from the urn without damaging the surface.<br\/>To maintain and restore the shine of wooden memorial urns, polish them every few months<br\/>or twice a year.<br\/>Since wood can be quite porous, you should not use water to clean the urn as it can easily<br\/>sink into the grains and cause irreparable damage to your pristine wooden urn.<br\/><\/p><p><strong>Marble<\/strong><br\/>Marble Urns are exceptionally fragile and can also weigh a lot,so keep them away from foot<br\/>traffic. Place it on a sturdy shelf high enough to prevent small children and pets from<br\/>accidentally dropping it. <\/p><p>Moreover keep them away from the edge of any surface you place it on to prevent it from falling and cracking or shattering.<br\/>The urn should be consistently cleaned so that dust particles don’t come to rest on the urn.<br\/><\/p><p>Use a soft dry cloth to carefully wipe away the dust from the surface, or a slightly damp one,<br\/>make sure to thoroughly dry the urn after cleaning it.    <\/p>","page":""}},"share":{"type":"share","settings":{"share_label":"Share"}}},"block_order":["vendor","title","price","variant_picker","quantity_selector","buy_buttons","description","collapsible-row-0","collapsible-row-1","collapsible-row-2","collapsible-row-3","share"],"settings":{"enable_sticky_info":true,"media_size":"large","gallery_layout":"stacked","media_position":"left","mobile_thumbnails":"hide","hide_variants":true,"enable_video_looping":false,"padding_top":36,"padding_bottom":12}},"image-with-text":{"type":"image-with-text","blocks":{"image-with-text-0":{"type":"heading","settings":{"heading":"Aristocratic Black","heading_size":"h1"}},"image-with-text-1":{"type":"text","settings":{"text":"<p>Standard Adult Urn made of Brass material with dimensions of 10\"H x 6 diameter, weighing 4.4 lbs & capacity of 180 Cubic Inches.<\/p>","text_style":"body"}}},"block_order":["image-with-text-0","image-with-text-1"],"settings":{"image":"shopify:\/\/shop_images\/AristocraticBlack2.jpg","height":"adapt","desktop_image_width":"small","layout":"text_first","desktop_content_position":"top","desktop_content_alignment":"left","content_layout":"no-overlap","color_scheme":"background-2","mobile_content_alignment":"left","padding_top":36,"padding_bottom":36}},"multicolumn":{"type":"multicolumn","blocks":{"column-0":{"type":"column","settings":{"title":"Free Shipping","text":"<p>Around Metro Manila and Luzon Regions only. The shipments will consist of 2 - 3 days, upon order.<\/p>","link_label":"","link":""}},"column-1":{"type":"column","settings":{"title":"Hassle-Free Exchanges","text":"<p>Pair text with an image to focus on your chosen product, collection, or blog post. Add details on availability, style, or even provide a review.<\/p>","link_label":"","link":""}}},"block_order":["column-0","column-1"],"settings":{"title":"","heading_size":"h1","image_width":"full","image_ratio":"adapt","columns_desktop":2,"column_alignment":"left","background_style":"none","button_label":"","button_link":"","color_scheme":"background-1","columns_mobile":"1","swipe_on_mobile":false,"padding_top":36,"padding_bottom":36}},"related-products":{"type":"related-products","settings":{"heading":"You may also like","heading_size":"h2","products_to_show":4,"columns_desktop":4,"color_scheme":"background-1","image_ratio":"square","show_secondary_image":true,"show_vendor":false,"show_rating":false,"columns_mobile":"2","padding_top":36,"padding_bottom":28}}},"order":["main","related-products","image-with-text","multicolumn"]}